{"assets/audios/favicon.png":["assets/audios/favicon.png"],"assets/fonts/favicon.png":["assets/fonts/favicon.png"],"assets/images/DeskBox_logo_fundoescuro_orgizontal.png":["assets/images/DeskBox_logo_fundoescuro_orgizontal.png"],"assets/images/MetaPlayer_logo_branca.png":["assets/images/MetaPlayer_logo_branca.png"],"assets/images/adaptive_foreground_icon.png":["assets/images/adaptive_foreground_icon.png"],"assets/images/app_launcher_icon.png":["assets/images/app_launcher_icon.png"],"assets/images/deskbox_logo_preto.png":["assets/images/deskbox_logo_preto.png"],"assets/images/deskboxsimbolo.png":["assets/images/deskboxsimbolo.png"],"assets/images/error_image.png":["assets/images/error_image.png"],"assets/images/favicon.png":["assets/images/favicon.png"],"assets/images/meta_.png":["assets/images/meta_.png"],"assets/images/meta_player_logo.svg":["assets/images/meta_player_logo.svg"],"assets/jsons/favicon.png":["assets/jsons/favicon.png"],"assets/pdfs/favicon.png":["assets/pdfs/favicon.png"],"assets/rive_animations/favicon.png":["assets/rive_animations/favicon.png"],"assets/videos/favicon.png":["assets/videos/favicon.png"],"packages/cupertino_icons/assets/CupertinoIcons.ttf":["packages/cupertino_icons/assets/CupertinoIcons.ttf"],"packages/font_awesome_flutter/lib/fonts/fa-brands-400.ttf":["packages/font_awesome_flutter/lib/fonts/fa-brands-400.ttf"],"packages/font_awesome_flutter/lib/fonts/fa-regular-400.ttf":["packages/font_awesome_flutter/lib/fonts/fa-regular-400.ttf"],"packages/font_awesome_flutter/lib/fonts/fa-solid-900.ttf":["packages/font_awesome_flutter/lib/fonts/fa-solid-900.ttf"]}